{
 "products": [
    {
       "name": "Mushrooms",
       "imgPath": "img/products/mushroom.jpg",
       "IDR": "Rp.10000",
       "SGD": "$0.9"
    },
    {
       "name": "Potatos",
       "imgPath": "img/products/potato.jpg",
       "IDR": "Rp.11000",
       "SGD": "$0.99"
    },
    {
       "name": "carrots",
       "imgPath": "img/products/carrot.jpg",
       "IDR": "Rp.12000",
       "SGD": "$1"
    },
    {
       "name": "Tomatoes",
       "imgPath": "img/products/tomatoes.jpg",
       "IDR": "Rp.10000",
       "SGD": "$0.9"
    }
]
}
